timestamp,emotion,confidence,transfer_s,preprocess_s,inference_s,postprocess_s,total_s
2026-05-05 20:37:50,neutral,0.6630859375,0.0006,0.0421,0.2429,0.0317,0.3174
2026-05-05 20:37:50,neutral,0.70166015625,0.0003,0.0009,0.0045,0.0001,0.0058
2026-05-05 20:37:51,neutral,0.73779296875,0.0002,0.0004,0.0045,0.0002,0.0054
2026-05-05 20:37:51,neutral,0.76953125,0.0002,0.0004,0.0044,0.0001,0.0053
2026-05-05 20:37:52,neutral,0.69091796875,0.0003,0.0005,0.0047,0.0002,0.0057
2026-05-05 20:37:52,neutral,0.65380859375,0.0003,0.0005,0.0045,0.0002,0.0055
2026-05-05 20:37:53,neutral,0.72021484375,0.0003,0.0005,0.0046,0.0002,0.0055
2026-05-05 20:37:53,neutral,0.72705078125,0.0003,0.0005,0.0045,0.0002,0.0054
2026-05-05 20:37:54,neutral,0.744140625,0.0003,0.0005,0.0046,0.0002,0.0056
2026-05-05 20:37:54,neutral,0.7783203125,0.0003,0.0005,0.0045,0.0002,0.0055
2026-05-05 20:37:55,neutral,0.826171875,0.0003,0.0005,0.0045,0.0002,0.0055
2026-05-05 20:37:55,neutral,0.7646484375,0.0003,0.0005,0.0047,0.0002,0.0057
2026-05-05 20:37:56,neutral,0.69873046875,0.0003,0.0005,0.0046,0.0001,0.0056
2026-05-05 20:37:56,neutral,0.73583984375,0.0004,0.0005,0.0044,0.0001,0.0055
2026-05-05 20:37:57,neutral,0.84521484375,0.0003,0.0005,0.0045,0.0002,0.0055
2026-05-05 20:37:57,neutral,0.2998046875,0.0003,0.0005,0.0046,0.0002,0.0056
2026-05-05 20:37:58,neutral,0.541015625,0.0003,0.0005,0.0045,0.0002,0.0055
2026-05-05 20:37:58,neutral,0.845703125,0.0003,0.0005,0.0046,0.0002,0.0055
2026-05-05 20:37:59,neutral,0.54443359375,0.0003,0.0005,0.0045,0.0002,0.0054
2026-05-05 20:37:59,neutral,0.61767578125,0.0003,0.0005,0.0045,0.0002,0.0054
2026-05-05 20:38:00,neutral,0.810546875,0.0003,0.0005,0.0046,0.0002,0.0056
2026-05-05 20:38:00,neutral,0.77197265625,0.0003,0.0005,0.0045,0.0001,0.0055
2026-05-05 20:38:01,neutral,0.83544921875,0.0003,0.0005,0.0045,0.0002,0.0055
2026-05-05 20:38:01,neutral,0.83251953125,0.0003,0.0005,0.0045,0.0002,0.0055
2026-05-05 20:38:02,neutral,0.7607421875,0.0003,0.0005,0.0045,0.0002,0.0055
2026-05-05 20:38:02,neutral,0.8369140625,0.0003,0.0005,0.0045,0.0002,0.0055
2026-05-05 20:38:03,neutral,0.79052734375,0.0003,0.0005,0.0045,0.0002,0.0054
2026-05-05 20:38:03,neutral,0.7109375,0.0003,0.0005,0.0045,0.0002,0.0055
2026-05-05 20:38:04,neutral,0.6875,0.0003,0.0005,0.0046,0.0002,0.0056
2026-05-05 20:38:04,neutral,0.724609375,0.0003,0.0005,0.0045,0.0002,0.0054
2026-05-05 20:38:05,neutral,0.78076171875,0.0003,0.0005,0.0045,0.0002,0.0054
2026-05-05 20:38:05,neutral,0.751953125,0.0003,0.0005,0.0046,0.0002,0.0056
2026-05-05 20:38:06,neutral,0.82373046875,0.0003,0.0005,0.0045,0.0002,0.0055
2026-05-05 20:38:06,neutral,0.83251953125,0.0003,0.0005,0.0047,0.0002,0.0056
2026-05-05 20:38:07,neutral,0.80712890625,0.0003,0.0005,0.0044,0.0002,0.0054
2026-05-05 20:38:07,neutral,0.75,0.0003,0.0005,0.0046,0.0002,0.0056
2026-05-05 20:38:08,neutral,0.73974609375,0.0004,0.0007,0.0048,0.0002,0.0061
2026-05-05 20:38:08,neutral,0.7275390625,0.0003,0.0005,0.0046,0.0002,0.0057
2026-05-05 20:38:09,neutral,0.74853515625,0.0003,0.0005,0.0045,0.0002,0.0055
2026-05-05 20:38:10,neutral,0.80712890625,0.0003,0.0005,0.0047,0.0002,0.0057
2026-05-05 20:38:11,neutral,0.73876953125,0.0003,0.0005,0.0045,0.0002,0.0055
2026-05-05 20:38:11,neutral,0.82275390625,0.0003,0.0005,0.0045,0.0002,0.0055
2026-05-05 20:38:12,neutral,0.6865234375,0.0003,0.0005,0.0046,0.0002,0.0056
2026-05-05 20:38:12,neutral,0.734375,0.0003,0.0005,0.0046,0.0002,0.0056
2026-05-05 20:38:13,neutral,0.73681640625,0.0003,0.0005,0.0045,0.0002,0.0055
2026-05-05 20:38:13,neutral,0.69140625,0.0003,0.0005,0.0046,0.0002,0.0056
2026-05-05 20:38:14,neutral,0.7138671875,0.0003,0.0005,0.0046,0.0002,0.0056
2026-05-05 20:38:14,neutral,0.72265625,0.0003,0.0005,0.0045,0.0002,0.0054
2026-05-05 20:38:15,neutral,0.71142578125,0.0003,0.0005,0.0045,0.0002,0.0055
2026-05-05 20:38:15,neutral,0.71923828125,0.0003,0.0005,0.0045,0.0002,0.0056
2026-05-05 20:38:16,neutral,0.80810546875,0.0003,0.0005,0.0046,0.0002,0.0055
2026-05-05 20:38:16,neutral,0.78759765625,0.0003,0.0005,0.0045,0.0002,0.0054
2026-05-05 20:38:17,neutral,0.78955078125,0.0003,0.0005,0.0046,0.0002,0.0056
2026-05-05 20:38:17,neutral,0.6923828125,0.0003,0.0005,0.0046,0.0002,0.0056
2026-05-05 20:38:18,neutral,0.740234375,0.0003,0.0005,0.0045,0.0002,0.0054
2026-05-05 20:38:18,neutral,0.74072265625,0.0003,0.0005,0.0046,0.0002,0.0056
2026-05-05 20:38:19,neutral,0.6826171875,0.0003,0.0005,0.0045,0.0002,0.0055
2026-05-05 20:38:19,neutral,0.6279296875,0.0003,0.0005,0.0044,0.0002,0.0054
2026-05-05 20:38:20,neutral,0.609375,0.0003,0.0005,0.0045,0.0002,0.0055
2026-05-05 20:38:20,neutral,0.67041015625,0.0003,0.0005,0.0045,0.0002,0.0055
2026-05-05 20:38:21,neutral,0.748046875,0.0003,0.0005,0.0045,0.0002,0.0055
2026-05-05 20:38:21,neutral,0.66748046875,0.0003,0.0004,0.0048,0.0002,0.0057
2026-05-05 20:38:22,neutral,0.76171875,0.0003,0.0005,0.0045,0.0002,0.0055
2026-05-05 20:38:22,neutral,0.75244140625,0.0003,0.0005,0.0044,0.0002,0.0054
2026-05-05 20:38:23,neutral,0.71142578125,0.0003,0.0005,0.0045,0.0001,0.0054
2026-05-05 20:38:23,neutral,0.80126953125,0.0003,0.0005,0.0045,0.0002,0.0054
2026-05-05 20:38:24,neutral,0.7763671875,0.0003,0.0005,0.0045,0.0002,0.0054
2026-05-05 20:38:24,neutral,0.73486328125,0.0003,0.0005,0.0045,0.0001,0.0054
2026-05-05 20:38:25,neutral,0.80322265625,0.0003,0.0005,0.0045,0.0002,0.0054
2026-05-05 20:38:25,sad,0.4140625,0.0003,0.0005,0.0046,0.0002,0.0056
2026-05-05 20:38:26,neutral,0.5185546875,0.0003,0.0005,0.0044,0.0002,0.0054
2026-05-05 20:38:26,neutral,0.80126953125,0.0003,0.0005,0.0045,0.0002,0.0055
2026-05-05 20:38:27,neutral,0.8193359375,0.0003,0.0005,0.0045,0.0002,0.0055
2026-05-05 20:38:27,sad,0.7802734375,0.0003,0.0005,0.0045,0.0002,0.0055
2026-05-05 20:38:28,fear,0.53564453125,0.0003,0.0005,0.0045,0.0002,0.0054
2026-05-05 20:38:28,sad,0.5546875,0.0003,0.0005,0.0045,0.0002,0.0054
2026-05-05 20:38:29,sad,0.6142578125,0.0003,0.0005,0.0045,0.0002,0.0054
2026-05-05 20:38:29,sad,0.70947265625,0.0003,0.0005,0.0045,0.0002,0.0055
2026-05-05 20:38:30,sad,0.69775390625,0.0003,0.0005,0.0047,0.0002,0.0057
2026-05-05 20:38:30,sad,0.435791015625,0.0003,0.0005,0.0046,0.0002,0.0056
2026-05-05 20:38:31,fear,0.45068359375,0.0003,0.0005,0.0048,0.0002,0.0058
2026-05-05 20:38:31,fear,0.423583984375,0.0003,0.0005,0.0045,0.0002,0.0055
2026-05-05 20:38:32,fear,0.46337890625,0.0003,0.0005,0.0046,0.0002,0.0057
2026-05-05 20:38:32,fear,0.44970703125,0.0003,0.0005,0.0046,0.0002,0.0055
2026-05-05 20:38:33,fear,0.425537109375,0.0003,0.0005,0.0045,0.0002,0.0054
2026-05-05 20:38:33,fear,0.4091796875,0.0003,0.0005,0.0046,0.0002,0.0055
2026-05-05 20:38:34,fear,0.44189453125,0.0004,0.0005,0.0046,0.0002,0.0057
2026-05-05 20:38:34,fear,0.66943359375,0.0003,0.0005,0.0046,0.0002,0.0056
2026-05-05 20:38:35,fear,0.56591796875,0.0003,0.0005,0.0046,0.0002,0.0056
2026-05-05 20:38:36,sad,0.446044921875,0.0003,0.0005,0.0046,0.0002,0.0055
2026-05-05 20:38:36,fear,0.499755859375,0.0003,0.0005,0.0045,0.0002,0.0055
2026-05-05 20:38:37,sad,0.489990234375,0.0002,0.0004,0.0044,0.0001,0.0052
2026-05-05 20:38:37,sad,0.484130859375,0.0003,0.0005,0.0046,0.0002,0.0056
2026-05-05 20:38:38,sad,0.450927734375,0.0003,0.0005,0.0046,0.0002,0.0055
2026-05-05 20:38:38,sad,0.42919921875,0.0003,0.0005,0.0045,0.0002,0.0055
2026-05-05 20:38:39,sad,0.5205078125,0.0003,0.0005,0.0045,0.0002,0.0055
2026-05-05 20:38:39,sad,0.427734375,0.0003,0.0005,0.0045,0.0002,0.0055
2026-05-05 20:38:40,sad,0.5029296875,0.0003,0.0005,0.0045,0.0002,0.0055
2026-05-05 20:38:40,sad,0.52734375,0.0003,0.0005,0.0046,0.0002,0.0056
2026-05-05 20:38:41,sad,0.541015625,0.0003,0.0005,0.0045,0.0001,0.0054
2026-05-05 20:38:41,sad,0.515625,0.0003,0.0004,0.0045,0.0001,0.0054
2026-05-05 20:38:42,sad,0.5966796875,0.0003,0.0005,0.0046,0.0002,0.0057
2026-05-05 20:38:43,sad,0.55322265625,0.0003,0.0005,0.0045,0.0002,0.0054
2026-05-05 20:38:44,sad,0.61474609375,0.0003,0.0005,0.0047,0.0002,0.0057
2026-05-05 20:38:45,sad,0.6318359375,0.0003,0.0005,0.0047,0.0002,0.0057
2026-05-05 20:38:46,sad,0.7119140625,0.0003,0.0005,0.0047,0.0002,0.0057
2026-05-05 20:38:47,sad,0.751953125,0.0003,0.0005,0.0046,0.0002,0.0056
2026-05-05 20:38:48,sad,0.73486328125,0.0003,0.0005,0.0046,0.0002,0.0056
2026-05-05 20:38:49,sad,0.62890625,0.0003,0.0005,0.0046,0.0002,0.0057
2026-05-05 20:38:50,fear,0.4638671875,0.0003,0.0005,0.0046,0.0002,0.0057
2026-05-05 20:38:51,fear,0.55078125,0.0003,0.0005,0.0046,0.0002,0.0057
2026-05-05 20:38:51,fear,0.62890625,0.0002,0.0004,0.0044,0.0001,0.0053
2026-05-05 20:38:52,fear,0.58154296875,0.0003,0.0005,0.0045,0.0002,0.0055
2026-05-05 20:38:52,fear,0.6142578125,0.0003,0.0005,0.0046,0.0002,0.0056
2026-05-05 20:38:53,fear,0.62060546875,0.0003,0.0005,0.0045,0.0002,0.0055
2026-05-05 20:38:53,sad,0.466796875,0.0003,0.0004,0.0044,0.0002,0.0053
2026-05-05 20:38:54,neutral,0.85595703125,0.0003,0.0005,0.0045,0.0002,0.0056
2026-05-05 20:38:54,neutral,0.6982421875,0.0002,0.0004,0.0044,0.0001,0.0052
2026-05-05 20:38:55,neutral,0.85693359375,0.0003,0.0005,0.0046,0.0002,0.0056
2026-05-05 20:38:56,neutral,0.85009765625,0.0003,0.0005,0.0045,0.0002,0.0056
2026-05-05 20:38:57,neutral,0.8720703125,0.0003,0.0005,0.0046,0.0002,0.0056
2026-05-05 20:39:23,sad,0.3583984375,0.0003,0.0005,0.0046,0.0002,0.0056
2026-05-05 20:39:23,neutral,0.4716796875,0.0002,0.0004,0.0047,0.0001,0.0055
2026-05-05 20:39:24,neutral,0.849609375,0.0003,0.0005,0.0046,0.0002,0.0056
2026-05-05 20:39:24,neutral,0.80615234375,0.0003,0.0005,0.0049,0.0002,0.0058
2026-05-05 20:39:25,neutral,0.8017578125,0.0003,0.0005,0.0046,0.0002,0.0056
2026-05-05 20:39:25,neutral,0.85595703125,0.0003,0.0005,0.0045,0.0002,0.0056
2026-05-05 20:39:26,fear,0.5771484375,0.0003,0.0005,0.0045,0.0002,0.0055
2026-05-05 20:39:26,neutral,0.432373046875,0.0003,0.0005,0.0045,0.0002,0.0054
2026-05-05 20:39:27,neutral,0.76953125,0.0003,0.0005,0.0045,0.0002,0.0055
2026-05-05 20:39:27,neutral,0.76025390625,0.0003,0.0005,0.0046,0.0002,0.0056
2026-05-05 20:39:28,neutral,0.751953125,0.0003,0.0005,0.0045,0.0002,0.0054
2026-05-05 20:39:28,neutral,0.76318359375,0.0002,0.0004,0.0044,0.0001,0.0053
2026-05-05 20:39:29,neutral,0.775390625,0.0003,0.0005,0.0045,0.0002,0.0055
2026-05-05 20:39:29,neutral,0.65234375,0.0003,0.0005,0.0045,0.0002,0.0054
2026-05-05 20:39:36,neutral,0.755859375,0.0004,0.0005,0.0047,0.0002,0.0058
2026-05-05 20:39:37,neutral,0.82421875,0.0004,0.0005,0.0046,0.0002,0.0057
2026-05-05 20:39:37,neutral,0.798828125,0.0004,0.0005,0.0046,0.0002,0.0057
2026-05-05 20:39:38,neutral,0.77978515625,0.0003,0.0004,0.0045,0.0002,0.0055
2026-05-05 20:39:38,neutral,0.76611328125,0.0003,0.0004,0.0046,0.0002,0.0055
2026-05-05 20:39:39,neutral,0.7626953125,0.0004,0.0005,0.0045,0.0002,0.0055
2026-05-05 20:39:39,neutral,0.72265625,0.0003,0.0005,0.0045,0.0002,0.0055
2026-05-05 20:39:40,neutral,0.4052734375,0.0003,0.0005,0.0045,0.0002,0.0055
2026-05-05 20:39:40,sad,0.373779296875,0.0003,0.0005,0.0049,0.0002,0.0058
2026-05-05 20:39:41,neutral,0.69677734375,0.0004,0.0005,0.0046,0.0002,0.0057
2026-05-05 20:39:42,neutral,0.8056640625,0.0004,0.0005,0.0046,0.0002,0.0057
2026-05-05 20:39:42,neutral,0.5625,0.0004,0.0005,0.0046,0.0002,0.0057
2026-05-05 20:39:43,neutral,0.53515625,0.0004,0.0005,0.0046,0.0002,0.0056
2026-05-05 20:39:43,neutral,0.61083984375,0.0004,0.0005,0.0045,0.0002,0.0055
2026-05-05 20:39:44,neutral,0.59130859375,0.0004,0.0005,0.0064,0.0002,0.0075
2026-05-05 20:39:44,neutral,0.7109375,0.0004,0.0005,0.0045,0.0002,0.0056
2026-05-05 20:39:45,neutral,0.72265625,0.0004,0.0005,0.0071,0.0002,0.0081
2026-05-05 20:39:45,neutral,0.70703125,0.0004,0.0006,0.0047,0.0002,0.0059
2026-05-05 20:39:46,neutral,0.7099609375,0.0004,0.0005,0.0046,0.0002,0.0057
2026-05-05 20:39:46,neutral,0.73486328125,0.0004,0.0005,0.0046,0.0002,0.0056
2026-05-05 20:39:47,neutral,0.428955078125,0.0004,0.0005,0.0047,0.0002,0.0058
2026-05-05 20:39:47,sad,0.8349609375,0.0003,0.0005,0.0046,0.0002,0.0056
2026-05-05 20:39:48,sad,0.261474609375,0.0004,0.0005,0.0047,0.0002,0.0057
2026-05-05 20:39:48,neutral,0.3779296875,0.0003,0.0004,0.0046,0.0002,0.0055
2026-05-05 20:39:49,neutral,0.329345703125,0.0004,0.0005,0.0046,0.0002,0.0057
2026-05-05 20:39:50,neutral,0.349365234375,0.0004,0.0005,0.0046,0.0002,0.0057
2026-05-05 20:39:50,neutral,0.533203125,0.0003,0.0005,0.0045,0.0002,0.0055
2026-05-05 20:39:51,neutral,0.65673828125,0.0004,0.0005,0.0045,0.0001,0.0056
2026-05-05 20:39:51,fear,0.37353515625,0.0004,0.0005,0.0048,0.0002,0.0058
2026-05-05 20:39:52,neutral,0.373779296875,0.0003,0.0005,0.0044,0.0002,0.0054
2026-05-05 20:39:52,neutral,0.37158203125,0.0003,0.0005,0.0046,0.0002,0.0056
2026-05-05 20:39:53,happy,0.361328125,0.0003,0.0005,0.0046,0.0002,0.0055
2026-05-05 20:39:53,neutral,0.39306640625,0.0004,0.0005,0.0044,0.0002,0.0054
2026-05-05 20:39:54,neutral,0.4736328125,0.0004,0.0005,0.0046,0.0002,0.0057
2026-05-05 20:39:54,angry,0.295654296875,0.0004,0.0005,0.0046,0.0002,0.0057
2026-05-05 20:40:03,neutral,0.673828125,0.0004,0.0005,0.0051,0.0002,0.0062
2026-05-05 20:40:04,neutral,0.71044921875,0.0004,0.0007,0.0050,0.0002,0.0064
2026-05-05 20:40:04,neutral,0.7138671875,0.0004,0.0005,0.0048,0.0002,0.0058
2026-05-05 20:40:05,neutral,0.7265625,0.0004,0.0005,0.0047,0.0002,0.0058
2026-05-05 20:40:05,neutral,0.78369140625,0.0004,0.0005,0.0048,0.0002,0.0059
2026-05-05 20:40:06,neutral,0.775390625,0.0004,0.0005,0.0047,0.0002,0.0058
2026-05-05 20:40:06,neutral,0.744140625,0.0004,0.0006,0.0048,0.0002,0.0059
2026-05-05 20:40:07,neutral,0.76513671875,0.0004,0.0005,0.0048,0.0002,0.0059
2026-05-05 20:40:07,neutral,0.7841796875,0.0004,0.0005,0.0046,0.0002,0.0058
2026-05-05 20:40:08,neutral,0.478515625,0.0004,0.0005,0.0045,0.0002,0.0056
2026-05-05 20:40:08,neutral,0.78857421875,0.0003,0.0005,0.0045,0.0002,0.0055
2026-05-05 20:40:09,neutral,0.76953125,0.0004,0.0005,0.0048,0.0002,0.0059
2026-05-05 20:40:10,neutral,0.74365234375,0.0004,0.0005,0.0047,0.0002,0.0059
2026-05-05 20:40:10,neutral,0.7685546875,0.0004,0.0005,0.0049,0.0002,0.0060
2026-05-05 20:40:11,neutral,0.73828125,0.0004,0.0005,0.0046,0.0002,0.0056
2026-05-05 20:40:11,neutral,0.75146484375,0.0003,0.0004,0.0045,0.0002,0.0054
2026-05-05 20:40:12,neutral,0.76611328125,0.0004,0.0005,0.0046,0.0002,0.0056
2026-05-05 20:40:12,neutral,0.7998046875,0.0004,0.0005,0.0047,0.0002,0.0058
2026-05-05 20:40:13,neutral,0.77783203125,0.0004,0.0005,0.0045,0.0002,0.0055
2026-05-05 20:40:13,neutral,0.7734375,0.0003,0.0004,0.0044,0.0002,0.0054
2026-05-05 20:40:14,neutral,0.80810546875,0.0004,0.0005,0.0047,0.0002,0.0058
2026-05-05 20:40:14,neutral,0.802734375,0.0004,0.0005,0.0046,0.0002,0.0056
2026-05-05 20:40:15,neutral,0.76025390625,0.0004,0.0005,0.0046,0.0002,0.0057
2026-05-05 20:40:15,neutral,0.6826171875,0.0004,0.0005,0.0046,0.0002,0.0057
2026-05-05 20:40:16,neutral,0.65234375,0.0004,0.0005,0.0045,0.0002,0.0056
2026-05-05 20:40:16,sad,0.426513671875,0.0003,0.0004,0.0045,0.0002,0.0055
2026-05-05 20:40:17,neutral,0.499267578125,0.0004,0.0005,0.0046,0.0002,0.0057
2026-05-05 20:40:17,neutral,0.318603515625,0.0004,0.0005,0.0046,0.0002,0.0057
2026-05-05 20:40:18,neutral,0.322998046875,0.0004,0.0005,0.0045,0.0002,0.0056
2026-05-05 20:40:18,neutral,0.344482421875,0.0003,0.0004,0.0044,0.0002,0.0054
2026-05-05 20:40:19,neutral,0.38671875,0.0003,0.0005,0.0045,0.0002,0.0055
2026-05-05 20:40:19,neutral,0.43212890625,0.0004,0.0005,0.0047,0.0002,0.0057
2026-05-05 20:40:20,neutral,0.427490234375,0.0004,0.0005,0.0047,0.0002,0.0058
2026-05-05 20:40:20,neutral,0.4072265625,0.0004,0.0005,0.0046,0.0002,0.0056
2026-05-05 20:40:21,neutral,0.46435546875,0.0004,0.0005,0.0047,0.0002,0.0058
2026-05-05 20:40:21,neutral,0.351318359375,0.0004,0.0005,0.0045,0.0002,0.0056
2026-05-05 20:40:22,neutral,0.387939453125,0.0003,0.0005,0.0045,0.0002,0.0055
2026-05-05 20:40:22,neutral,0.424072265625,0.0004,0.0006,0.0047,0.0002,0.0059
2026-05-05 20:40:23,neutral,0.40869140625,0.0010,0.0048,0.0047,0.0002,0.0107
2026-05-05 20:40:23,angry,0.317626953125,0.0004,0.0005,0.0048,0.0002,0.0059
2026-05-05 20:40:24,angry,0.394775390625,0.0004,0.0005,0.0046,0.0002,0.0057
2026-05-05 20:40:24,neutral,0.319580078125,0.0004,0.0005,0.0046,0.0002,0.0056
2026-05-05 20:40:25,angry,0.476318359375,0.0004,0.0005,0.0046,0.0002,0.0056
2026-05-05 20:40:25,sad,0.29541015625,0.0004,0.0005,0.0046,0.0002,0.0057
2026-05-05 20:40:26,neutral,0.4140625,0.0004,0.0005,0.0046,0.0002,0.0057
2026-05-05 20:40:26,neutral,0.435546875,0.0004,0.0005,0.0046,0.0002,0.0056
2026-05-05 20:40:27,sad,0.443603515625,0.0004,0.0005,0.0046,0.0002,0.0057
2026-05-05 20:40:27,sad,0.3046875,0.0004,0.0005,0.0046,0.0002,0.0056
2026-05-05 20:40:28,sad,0.79248046875,0.0004,0.0005,0.0047,0.0002,0.0058
2026-05-05 20:40:28,neutral,0.439453125,0.0003,0.0005,0.0047,0.0002,0.0056
2026-05-05 20:40:29,angry,0.369873046875,0.0004,0.0005,0.0048,0.0002,0.0059
2026-05-05 20:40:29,neutral,0.54931640625,0.0004,0.0005,0.0047,0.0002,0.0058
2026-05-05 20:40:30,neutral,0.65478515625,0.0004,0.0005,0.0046,0.0002,0.0056
2026-05-05 20:40:30,sad,0.458740234375,0.0004,0.0005,0.0047,0.0002,0.0058
2026-05-05 20:40:31,neutral,0.66064453125,0.0004,0.0005,0.0047,0.0002,0.0058
2026-05-05 20:40:31,neutral,0.8046875,0.0004,0.0005,0.0049,0.0002,0.0059
2026-05-05 20:40:32,neutral,0.84619140625,0.0004,0.0005,0.0046,0.0002,0.0057
2026-05-05 20:40:32,neutral,0.6669921875,0.0004,0.0005,0.0046,0.0002,0.0058
2026-05-05 20:40:33,neutral,0.64404296875,0.0004,0.0005,0.0049,0.0002,0.0059
2026-05-05 20:40:48,sad,0.441162109375,0.0004,0.0007,0.0053,0.0002,0.0067
2026-05-05 20:40:48,sad,0.466796875,0.0003,0.0004,0.0044,0.0001,0.0053
2026-05-05 20:40:49,sad,0.42431640625,0.0004,0.0005,0.0046,0.0002,0.0058
2026-05-05 20:40:49,sad,0.4609375,0.0004,0.0005,0.0046,0.0002,0.0057
2026-05-05 20:40:50,sad,0.484619140625,0.0004,0.0005,0.0045,0.0002,0.0056
2026-05-05 20:40:50,sad,0.484619140625,0.0003,0.0005,0.0048,0.0002,0.0058
2026-05-05 20:40:51,sad,0.55322265625,0.0004,0.0005,0.0046,0.0002,0.0057
2026-05-05 20:40:51,sad,0.54052734375,0.0004,0.0005,0.0045,0.0002,0.0056
2026-05-05 20:40:52,sad,0.5615234375,0.0004,0.0005,0.0046,0.0002,0.0057
2026-05-05 20:40:53,sad,0.59765625,0.0004,0.0005,0.0045,0.0002,0.0055
2026-05-05 20:40:53,sad,0.60400390625,0.0003,0.0004,0.0044,0.0001,0.0053
2026-05-05 20:40:54,sad,0.57470703125,0.0004,0.0005,0.0046,0.0002,0.0057
2026-05-05 20:40:54,sad,0.46923828125,0.0003,0.0005,0.0044,0.0002,0.0054
2026-05-05 20:40:55,sad,0.470458984375,0.0004,0.0005,0.0045,0.0002,0.0055
2026-05-05 20:40:55,sad,0.59033203125,0.0004,0.0005,0.0045,0.0002,0.0056
2026-05-05 20:40:56,sad,0.4697265625,0.0004,0.0005,0.0046,0.0002,0.0056
2026-05-05 20:40:56,sad,0.319580078125,0.0004,0.0005,0.0045,0.0002,0.0055
2026-05-05 20:40:57,neutral,0.58837890625,0.0004,0.0005,0.0045,0.0002,0.0055
2026-05-05 20:40:57,neutral,0.76904296875,0.0004,0.0005,0.0044,0.0002,0.0054
2026-05-05 20:40:58,neutral,0.43798828125,0.0004,0.0005,0.0044,0.0002,0.0055
2026-05-05 20:40:58,neutral,0.68408203125,0.0004,0.0005,0.0045,0.0002,0.0056
2026-05-05 20:40:59,neutral,0.7900390625,0.0003,0.0005,0.0044,0.0002,0.0054
2026-05-05 20:40:59,sad,0.41650390625,0.0003,0.0004,0.0045,0.0002,0.0054
2026-05-05 20:41:00,neutral,0.58251953125,0.0004,0.0005,0.0046,0.0002,0.0057
2026-05-05 20:41:00,sad,0.423583984375,0.0004,0.0005,0.0045,0.0001,0.0055
2026-05-05 20:41:01,neutral,0.68017578125,0.0004,0.0005,0.0044,0.0002,0.0055
2026-05-05 20:41:01,neutral,0.78955078125,0.0003,0.0004,0.0048,0.0002,0.0057
2026-05-05 20:41:02,neutral,0.796875,0.0004,0.0005,0.0051,0.0002,0.0062
2026-05-05 20:41:02,neutral,0.7314453125,0.0004,0.0005,0.0046,0.0002,0.0057
2026-05-05 20:41:03,neutral,0.75439453125,0.0004,0.0005,0.0045,0.0002,0.0056
2026-05-05 20:41:03,neutral,0.7412109375,0.0003,0.0005,0.0045,0.0002,0.0055
2026-05-05 20:41:04,neutral,0.78369140625,0.0004,0.0005,0.0046,0.0002,0.0056
2026-05-05 20:41:04,neutral,0.81005859375,0.0004,0.0005,0.0045,0.0002,0.0056
2026-05-05 20:41:05,neutral,0.84912109375,0.0004,0.0006,0.0046,0.0002,0.0058
2026-05-05 20:41:05,neutral,0.84033203125,0.0004,0.0005,0.0046,0.0002,0.0058
2026-05-05 20:41:06,neutral,0.8603515625,0.0004,0.0005,0.0046,0.0002,0.0056
2026-05-05 20:41:06,neutral,0.85205078125,0.0003,0.0005,0.0045,0.0002,0.0055
2026-05-05 20:41:07,neutral,0.8525390625,0.0004,0.0005,0.0045,0.0002,0.0055
2026-05-05 20:41:07,neutral,0.8232421875,0.0004,0.0005,0.0047,0.0002,0.0058
2026-05-05 20:41:08,neutral,0.79052734375,0.0004,0.0005,0.0045,0.0002,0.0056
2026-05-05 20:41:08,neutral,0.82666015625,0.0004,0.0005,0.0049,0.0002,0.0059
2026-05-05 20:41:09,neutral,0.80712890625,0.0004,0.0005,0.0046,0.0002,0.0057
2026-05-05 20:41:09,neutral,0.7685546875,0.0004,0.0005,0.0046,0.0002,0.0056
2026-05-05 20:41:10,neutral,0.82568359375,0.0004,0.0005,0.0046,0.0002,0.0057
2026-05-05 20:41:10,neutral,0.82861328125,0.0004,0.0005,0.0045,0.0002,0.0055
2026-05-05 20:41:11,neutral,0.8896484375,0.0004,0.0005,0.0045,0.0002,0.0055
2026-05-05 20:41:11,neutral,0.890625,0.0003,0.0004,0.0044,0.0002,0.0053
2026-05-05 20:41:12,neutral,0.89697265625,0.0004,0.0005,0.0046,0.0002,0.0057
2026-05-05 20:41:12,neutral,0.8837890625,0.0004,0.0005,0.0046,0.0002,0.0058
2026-05-05 20:41:13,neutral,0.85986328125,0.0003,0.0005,0.0044,0.0002,0.0054
2026-05-05 20:41:13,neutral,0.8310546875,0.0003,0.0005,0.0045,0.0002,0.0055
2026-05-05 20:41:14,neutral,0.82763671875,0.0004,0.0005,0.0045,0.0002,0.0055
2026-05-05 20:41:14,neutral,0.81494140625,0.0004,0.0005,0.0045,0.0002,0.0056
2026-05-05 20:41:15,neutral,0.8828125,0.0004,0.0005,0.0046,0.0002,0.0057
2026-05-05 21:02:57,neutral,0.481689453125,0.0006,0.0421,0.2425,0.0321,0.3172
2026-05-05 21:02:57,neutral,0.4130859375,0.0003,0.0009,0.0046,0.0002,0.0060
2026-05-05 21:02:58,sad,0.3408203125,0.0003,0.0005,0.0046,0.0002,0.0056
2026-05-05 21:02:58,neutral,0.463134765625,0.0003,0.0005,0.0047,0.0002,0.0056
2026-05-05 21:02:59,neutral,0.425537109375,0.0003,0.0005,0.0046,0.0002,0.0055
2026-05-05 21:02:59,happy,0.3955078125,0.0003,0.0005,0.0046,0.0002,0.0056
2026-05-05 21:03:00,neutral,0.505859375,0.0003,0.0005,0.0046,0.0002,0.0057
2026-05-05 21:03:00,neutral,0.60009765625,0.0003,0.0005,0.0046,0.0002,0.0056
2026-05-05 21:03:01,neutral,0.384765625,0.0003,0.0005,0.0045,0.0002,0.0055
2026-05-05 21:03:01,neutral,0.64013671875,0.0003,0.0005,0.0046,0.0002,0.0056
2026-05-05 21:03:02,neutral,0.5625,0.0003,0.0005,0.0047,0.0002,0.0057
2026-05-05 21:03:02,neutral,0.4794921875,0.0003,0.0005,0.0045,0.0002,0.0055
2026-05-05 21:03:03,neutral,0.64501953125,0.0003,0.0005,0.0046,0.0002,0.0057
2026-05-05 21:03:03,neutral,0.48583984375,0.0003,0.0005,0.0046,0.0002,0.0055
2026-05-05 21:03:04,fear,0.250732421875,0.0003,0.0005,0.0045,0.0002,0.0055
2026-05-05 21:03:04,neutral,0.387939453125,0.0003,0.0005,0.0046,0.0001,0.0056
2026-05-05 21:03:05,fear,0.348388671875,0.0003,0.0005,0.0046,0.0002,0.0057
2026-05-05 21:03:05,neutral,0.36572265625,0.0004,0.0005,0.0047,0.0002,0.0057
2026-05-05 21:03:06,happy,0.455810546875,0.0003,0.0005,0.0046,0.0002,0.0056
2026-05-05 21:03:06,fear,0.421875,0.0003,0.0005,0.0045,0.0002,0.0054
2026-05-05 21:03:07,sad,0.57861328125,0.0003,0.0005,0.0047,0.0002,0.0056
2026-05-05 21:03:07,happy,0.681640625,0.0003,0.0005,0.0046,0.0002,0.0055
2026-05-05 21:03:08,happy,0.7705078125,0.0003,0.0005,0.0047,0.0002,0.0057
2026-05-05 21:03:08,happy,0.65380859375,0.0003,0.0005,0.0046,0.0002,0.0055
2026-05-05 21:03:09,neutral,0.70751953125,0.0003,0.0005,0.0049,0.0002,0.0058
2026-05-05 21:03:09,neutral,0.826171875,0.0003,0.0005,0.0046,0.0001,0.0056
2026-05-05 21:03:10,neutral,0.62451171875,0.0003,0.0005,0.0046,0.0002,0.0056
2026-05-05 21:03:11,neutral,0.5263671875,0.0003,0.0005,0.0046,0.0002,0.0057
2026-05-05 21:03:19,sad,0.64990234375,0.0003,0.0006,0.0048,0.0002,0.0060
2026-05-05 21:03:20,neutral,0.81494140625,0.0004,0.0005,0.0058,0.0002,0.0069
2026-05-05 21:03:20,neutral,0.46630859375,0.0003,0.0005,0.0046,0.0002,0.0056
2026-05-05 21:03:21,neutral,0.78173828125,0.0003,0.0005,0.0048,0.0002,0.0059
2026-05-05 21:03:22,neutral,0.5966796875,0.0004,0.0005,0.0047,0.0002,0.0057
2026-05-05 21:03:22,neutral,0.40625,0.0003,0.0005,0.0045,0.0002,0.0055
2026-05-05 21:03:23,sad,0.2254638671875,0.0003,0.0005,0.0046,0.0002,0.0056
2026-05-05 21:03:23,neutral,0.275146484375,0.0003,0.0005,0.0044,0.0001,0.0053
2026-05-05 21:03:24,neutral,0.62353515625,0.0003,0.0005,0.0046,0.0001,0.0056
2026-05-05 21:03:24,neutral,0.55908203125,0.0003,0.0005,0.0045,0.0002,0.0055
2026-05-05 21:03:25,neutral,0.59423828125,0.0003,0.0005,0.0047,0.0002,0.0057
2026-05-05 21:03:25,sad,0.302001953125,0.0004,0.0005,0.0049,0.0002,0.0060
2026-05-05 21:03:26,neutral,0.483154296875,0.0003,0.0005,0.0046,0.0002,0.0056
2026-05-05 21:03:26,neutral,0.5458984375,0.0003,0.0005,0.0044,0.0002,0.0054
2026-05-05 21:03:27,neutral,0.4365234375,0.0003,0.0005,0.0046,0.0002,0.0056
2026-05-05 21:03:27,neutral,0.578125,0.0003,0.0005,0.0046,0.0002,0.0056
2026-05-05 21:03:28,sad,0.403564453125,0.0003,0.0005,0.0047,0.0002,0.0056
2026-05-05 21:03:28,happy,0.55224609375,0.0003,0.0005,0.0044,0.0001,0.0054
2026-05-05 21:03:29,happy,0.5048828125,0.0003,0.0005,0.0045,0.0002,0.0054
2026-05-05 21:03:29,happy,0.56201171875,0.0003,0.0005,0.0045,0.0002,0.0055
2026-05-05 21:03:30,happy,0.5341796875,0.0003,0.0005,0.0047,0.0002,0.0057
2026-05-05 21:03:30,happy,0.626953125,0.0003,0.0005,0.0045,0.0002,0.0055
2026-05-05 21:03:31,neutral,0.339111328125,0.0003,0.0005,0.0047,0.0002,0.0058
2026-05-05 21:03:31,fear,0.5869140625,0.0003,0.0005,0.0045,0.0002,0.0055
2026-05-05 21:03:32,fear,0.2783203125,0.0003,0.0005,0.0046,0.0002,0.0056
2026-05-05 21:03:32,neutral,0.4736328125,0.0003,0.0005,0.0044,0.0002,0.0054
2026-05-05 21:03:33,neutral,0.372802734375,0.0003,0.0005,0.0046,0.0002,0.0056
2026-05-05 21:03:33,sad,0.354248046875,0.0003,0.0005,0.0045,0.0002,0.0054
2026-05-05 21:03:34,neutral,0.2861328125,0.0003,0.0005,0.0046,0.0002,0.0057
2026-05-05 21:03:34,happy,0.37744140625,0.0003,0.0005,0.0045,0.0002,0.0056
2026-05-05 21:03:35,neutral,0.279052734375,0.0003,0.0005,0.0047,0.0001,0.0057
2026-05-05 21:03:35,neutral,0.444091796875,0.0004,0.0005,0.0046,0.0002,0.0057
2026-05-05 21:03:36,sad,0.61376953125,0.0003,0.0005,0.0045,0.0002,0.0055
2026-05-05 21:03:36,sad,0.418701171875,0.0003,0.0004,0.0044,0.0001,0.0053
2026-05-05 21:03:37,neutral,0.56787109375,0.0003,0.0005,0.0047,0.0002,0.0057
2026-05-05 21:03:37,neutral,0.52978515625,0.0003,0.0005,0.0044,0.0002,0.0054
2026-05-05 21:03:38,neutral,0.456787109375,0.0003,0.0005,0.0045,0.0002,0.0055
2026-05-05 21:03:38,sad,0.2491455078125,0.0003,0.0005,0.0044,0.0002,0.0054
2026-05-05 21:03:39,neutral,0.357421875,0.0003,0.0005,0.0046,0.0002,0.0055
2026-05-05 21:03:39,neutral,0.45947265625,0.0003,0.0005,0.0045,0.0002,0.0054
2026-05-05 21:03:40,neutral,0.47607421875,0.0003,0.0005,0.0047,0.0002,0.0058
2026-05-05 21:03:40,neutral,0.52685546875,0.0003,0.0005,0.0045,0.0002,0.0055
2026-05-05 21:03:54,neutral,0.409912109375,0.0003,0.0005,0.0048,0.0002,0.0059
2026-05-05 21:03:54,fear,0.305908203125,0.0003,0.0005,0.0046,0.0002,0.0056
2026-05-05 21:03:55,fear,0.6279296875,0.0003,0.0005,0.0047,0.0002,0.0057
2026-05-05 21:03:56,neutral,0.66162109375,0.0003,0.0005,0.0048,0.0002,0.0058
2026-05-05 21:03:56,neutral,0.66845703125,0.0003,0.0005,0.0045,0.0002,0.0054
2026-05-05 21:03:57,neutral,0.69287109375,0.0003,0.0004,0.0045,0.0001,0.0053
2026-05-05 21:03:57,neutral,0.52734375,0.0003,0.0005,0.0045,0.0002,0.0055
2026-05-05 21:03:58,neutral,0.6025390625,0.0003,0.0005,0.0044,0.0002,0.0054
2026-05-05 21:03:58,neutral,0.5107421875,0.0003,0.0005,0.0046,0.0002,0.0055
2026-05-05 21:03:59,sad,0.308349609375,0.0003,0.0004,0.0044,0.0001,0.0053
2026-05-05 21:03:59,neutral,0.4296875,0.0003,0.0005,0.0047,0.0002,0.0056
2026-05-05 21:04:00,neutral,0.37060546875,0.0003,0.0005,0.0045,0.0002,0.0055
2026-05-05 21:04:00,sad,0.53173828125,0.0003,0.0005,0.0046,0.0002,0.0055
2026-05-05 21:04:01,sad,0.69140625,0.0003,0.0005,0.0045,0.0002,0.0055
2026-05-05 21:04:01,neutral,0.7041015625,0.0003,0.0005,0.0045,0.0002,0.0055
2026-05-05 21:04:02,neutral,0.70361328125,0.0003,0.0005,0.0046,0.0002,0.0056
2026-05-05 21:04:02,neutral,0.7255859375,0.0003,0.0005,0.0046,0.0002,0.0055
2026-05-05 21:04:03,sad,0.4599609375,0.0003,0.0005,0.0047,0.0002,0.0057
2026-05-05 21:04:03,sad,0.5341796875,0.0003,0.0005,0.0046,0.0002,0.0055
2026-05-05 21:04:04,neutral,0.63671875,0.0003,0.0005,0.0045,0.0002,0.0054
2026-05-05 21:04:04,neutral,0.86328125,0.0003,0.0005,0.0046,0.0002,0.0055
2026-05-05 21:04:05,neutral,0.6416015625,0.0003,0.0005,0.0047,0.0002,0.0056
2026-05-05 21:04:05,neutral,0.73681640625,0.0003,0.0005,0.0047,0.0002,0.0057
2026-05-05 21:04:06,neutral,0.5234375,0.0003,0.0005,0.0045,0.0001,0.0053
2026-05-05 21:04:06,neutral,0.66796875,0.0003,0.0005,0.0046,0.0002,0.0055
2026-05-05 21:04:07,neutral,0.474365234375,0.0003,0.0005,0.0045,0.0002,0.0054
2026-05-05 21:04:07,neutral,0.484130859375,0.0002,0.0005,0.0045,0.0002,0.0053
2026-05-05 21:04:08,neutral,0.82666015625,0.0003,0.0005,0.0045,0.0002,0.0055
2026-05-05 21:04:08,neutral,0.7138671875,0.0003,0.0005,0.0046,0.0002,0.0055
2026-05-05 21:04:09,neutral,0.7587890625,0.0003,0.0005,0.0045,0.0001,0.0054
2026-05-05 21:04:09,neutral,0.78564453125,0.0003,0.0005,0.0046,0.0002,0.0055
2026-05-05 21:04:10,neutral,0.8232421875,0.0003,0.0005,0.0045,0.0002,0.0055
2026-05-05 21:04:10,neutral,0.810546875,0.0003,0.0005,0.0047,0.0002,0.0058
2026-05-05 21:04:11,neutral,0.7119140625,0.0003,0.0005,0.0044,0.0001,0.0053
2026-05-05 21:04:11,neutral,0.6875,0.0003,0.0005,0.0046,0.0002,0.0055
2026-05-05 21:04:12,neutral,0.5244140625,0.0003,0.0005,0.0045,0.0002,0.0055
2026-05-05 21:04:13,neutral,0.61376953125,0.0003,0.0005,0.0047,0.0002,0.0057
2026-05-05 21:04:13,neutral,0.640625,0.0003,0.0005,0.0045,0.0002,0.0055
2026-05-05 21:04:14,neutral,0.7373046875,0.0003,0.0005,0.0046,0.0002,0.0055
2026-05-05 21:04:14,neutral,0.74169921875,0.0003,0.0005,0.0045,0.0001,0.0054
2026-05-05 21:04:15,neutral,0.7294921875,0.0003,0.0005,0.0046,0.0002,0.0056
2026-05-05 21:04:15,neutral,0.7353515625,0.0003,0.0005,0.0046,0.0002,0.0056
2026-05-05 21:04:16,neutral,0.69384765625,0.0003,0.0005,0.0046,0.0002,0.0056
2026-05-05 21:04:16,neutral,0.65380859375,0.0003,0.0005,0.0045,0.0002,0.0054
2026-05-05 21:04:17,neutral,0.52587890625,0.0003,0.0005,0.0047,0.0002,0.0056
2026-05-05 21:04:17,neutral,0.40771484375,0.0003,0.0004,0.0044,0.0002,0.0053
2026-05-05 21:04:18,neutral,0.640625,0.0003,0.0005,0.0045,0.0002,0.0055
2026-05-05 21:04:18,neutral,0.6533203125,0.0003,0.0005,0.0045,0.0002,0.0054
2026-05-05 21:04:19,neutral,0.59423828125,0.0003,0.0005,0.0045,0.0001,0.0054
2026-05-05 21:04:19,neutral,0.6259765625,0.0003,0.0005,0.0045,0.0001,0.0054
2026-05-05 21:04:20,neutral,0.55615234375,0.0003,0.0005,0.0047,0.0002,0.0058
2026-05-05 21:04:20,neutral,0.53955078125,0.0003,0.0005,0.0046,0.0002,0.0056
2026-05-05 21:04:21,neutral,0.6064453125,0.0003,0.0005,0.0047,0.0002,0.0057
2026-05-05 21:04:21,neutral,0.493408203125,0.0003,0.0005,0.0045,0.0002,0.0056
2026-05-05 21:04:22,neutral,0.58447265625,0.0003,0.0005,0.0045,0.0002,0.0054
2026-05-05 21:04:22,neutral,0.57666015625,0.0003,0.0005,0.0045,0.0001,0.0054
2026-05-05 21:04:23,neutral,0.57861328125,0.0003,0.0005,0.0046,0.0002,0.0056
2026-05-05 21:04:23,neutral,0.47314453125,0.0003,0.0005,0.0045,0.0002,0.0056
2026-05-05 21:04:24,neutral,0.505859375,0.0003,0.0005,0.0047,0.0002,0.0057
2026-05-05 21:04:24,neutral,0.54443359375,0.0003,0.0005,0.0046,0.0002,0.0057
2026-05-05 21:04:25,neutral,0.638671875,0.0003,0.0005,0.0047,0.0002,0.0057
2026-05-05 21:04:25,neutral,0.5517578125,0.0003,0.0005,0.0046,0.0002,0.0056
2026-05-05 21:04:26,neutral,0.421630859375,0.0003,0.0005,0.0045,0.0002,0.0055
2026-05-05 21:04:26,neutral,0.626953125,0.0003,0.0005,0.0045,0.0001,0.0054
2026-05-05 21:04:27,neutral,0.54541015625,0.0003,0.0005,0.0046,0.0002,0.0055
2026-05-05 21:04:27,neutral,0.69482421875,0.0003,0.0005,0.0045,0.0002,0.0055
2026-05-05 21:04:28,neutral,0.7294921875,0.0003,0.0005,0.0046,0.0001,0.0055
2026-05-05 21:04:28,neutral,0.818359375,0.0003,0.0005,0.0045,0.0002,0.0055
2026-05-05 21:04:29,neutral,0.7666015625,0.0003,0.0005,0.0045,0.0002,0.0054
2026-05-05 21:04:29,neutral,0.81494140625,0.0003,0.0005,0.0046,0.0002,0.0056
2026-05-05 21:04:30,neutral,0.8134765625,0.0003,0.0005,0.0047,0.0002,0.0057
2026-05-05 21:04:30,neutral,0.82080078125,0.0003,0.0005,0.0046,0.0002,0.0056
2026-05-05 21:04:31,neutral,0.8115234375,0.0003,0.0005,0.0046,0.0001,0.0056
2026-05-05 21:04:31,neutral,0.8251953125,0.0003,0.0004,0.0045,0.0001,0.0054
2026-05-05 21:04:32,neutral,0.828125,0.0003,0.0005,0.0047,0.0002,0.0057
2026-05-05 21:04:32,neutral,0.8232421875,0.0003,0.0005,0.0045,0.0002,0.0055
2026-05-05 21:04:33,neutral,0.84716796875,0.0003,0.0005,0.0046,0.0002,0.0055
2026-05-05 21:04:33,neutral,0.8681640625,0.0003,0.0005,0.0045,0.0001,0.0054
2026-05-05 21:04:34,neutral,0.72802734375,0.0003,0.0005,0.0047,0.0002,0.0057
2026-05-05 21:04:34,neutral,0.7177734375,0.0003,0.0005,0.0044,0.0001,0.0054
2026-05-05 21:04:35,neutral,0.6572265625,0.0003,0.0005,0.0046,0.0002,0.0056
2026-05-05 21:04:35,neutral,0.4736328125,0.0003,0.0005,0.0045,0.0002,0.0055
2026-05-05 21:04:36,neutral,0.6875,0.0003,0.0005,0.0046,0.0001,0.0055
2026-05-05 21:04:36,neutral,0.76123046875,0.0003,0.0004,0.0045,0.0002,0.0053
2026-05-05 21:04:37,neutral,0.744140625,0.0003,0.0005,0.0046,0.0002,0.0056
2026-05-05 21:04:37,neutral,0.6318359375,0.0003,0.0005,0.0045,0.0001,0.0054
2026-05-05 21:04:38,neutral,0.6923828125,0.0003,0.0005,0.0046,0.0001,0.0056
2026-05-05 21:04:38,neutral,0.5732421875,0.0003,0.0005,0.0048,0.0002,0.0057
2026-05-05 21:04:39,neutral,0.50244140625,0.0003,0.0004,0.0045,0.0001,0.0054
2026-05-05 21:04:39,neutral,0.61669921875,0.0003,0.0005,0.0045,0.0002,0.0055
2026-05-05 21:04:40,neutral,0.43603515625,0.0003,0.0005,0.0047,0.0002,0.0057
2026-05-05 21:04:40,neutral,0.426025390625,0.0003,0.0004,0.0045,0.0002,0.0054
2026-05-05 21:04:41,sad,0.459228515625,0.0003,0.0005,0.0046,0.0002,0.0056
2026-05-05 21:04:41,neutral,0.341064453125,0.0003,0.0005,0.0045,0.0002,0.0055
2026-05-05 21:04:42,sad,0.404541015625,0.0003,0.0004,0.0045,0.0002,0.0054
2026-05-05 21:04:42,fear,0.71484375,0.0003,0.0005,0.0046,0.0002,0.0057
2026-05-05 21:04:43,happy,0.409912109375,0.0003,0.0005,0.0045,0.0002,0.0055
2026-05-05 21:04:43,neutral,0.427001953125,0.0003,0.0005,0.0046,0.0002,0.0056
2026-05-05 21:04:44,sad,0.62841796875,0.0003,0.0005,0.0047,0.0002,0.0057
2026-05-05 21:05:01,neutral,0.53662109375,0.0003,0.0006,0.0051,0.0002,0.0063
2026-05-05 21:05:02,neutral,0.433837890625,0.0003,0.0005,0.0047,0.0002,0.0058
2026-05-05 21:05:02,neutral,0.490234375,0.0003,0.0005,0.0045,0.0002,0.0055
2026-05-05 21:05:03,neutral,0.7021484375,0.0003,0.0005,0.0047,0.0001,0.0057
2026-05-05 21:05:03,sad,0.50048828125,0.0002,0.0004,0.0044,0.0001,0.0053
2026-05-05 21:05:04,sad,0.310546875,0.0003,0.0005,0.0046,0.0001,0.0055
2026-05-05 21:05:04,happy,0.392822265625,0.0003,0.0005,0.0049,0.0002,0.0058
2026-05-05 21:05:05,happy,0.362060546875,0.0003,0.0005,0.0047,0.0002,0.0057
2026-05-05 21:05:05,neutral,0.458251953125,0.0003,0.0005,0.0045,0.0002,0.0056
2026-05-05 21:05:06,neutral,0.5478515625,0.0003,0.0005,0.0046,0.0002,0.0056
2026-05-05 21:05:06,neutral,0.638671875,0.0003,0.0005,0.0045,0.0002,0.0055
2026-05-05 21:05:07,neutral,0.4697265625,0.0003,0.0005,0.0046,0.0002,0.0056
2026-05-05 21:05:07,neutral,0.59814453125,0.0003,0.0005,0.0045,0.0002,0.0055
2026-05-05 21:05:08,neutral,0.572265625,0.0003,0.0005,0.0046,0.0002,0.0055
2026-05-05 21:05:08,neutral,0.476318359375,0.0003,0.0005,0.0046,0.0002,0.0056
2026-05-05 21:05:09,neutral,0.720703125,0.0003,0.0005,0.0046,0.0002,0.0055
2026-05-05 21:05:09,neutral,0.80810546875,0.0003,0.0005,0.0045,0.0002,0.0055
2026-05-05 21:05:10,neutral,0.6376953125,0.0003,0.0005,0.0046,0.0002,0.0057
2026-05-05 21:05:11,neutral,0.7734375,0.0003,0.0005,0.0048,0.0002,0.0059
2026-05-05 21:05:11,neutral,0.66162109375,0.0003,0.0005,0.0046,0.0002,0.0056
2026-05-05 21:05:12,neutral,0.54736328125,0.0003,0.0005,0.0046,0.0002,0.0056
2026-05-05 21:05:12,neutral,0.74267578125,0.0003,0.0005,0.0046,0.0002,0.0056
2026-05-05 21:05:13,neutral,0.7294921875,0.0003,0.0005,0.0044,0.0002,0.0054
2026-05-05 21:05:13,neutral,0.70751953125,0.0003,0.0005,0.0046,0.0002,0.0055
2026-05-05 21:05:14,neutral,0.6181640625,0.0004,0.0006,0.0048,0.0002,0.0059
2026-05-05 21:05:14,neutral,0.54931640625,0.0003,0.0005,0.0045,0.0002,0.0055
2026-05-05 21:05:15,happy,0.345458984375,0.0003,0.0005,0.0045,0.0002,0.0055
2026-05-05 21:05:15,happy,0.59130859375,0.0003,0.0005,0.0047,0.0002,0.0057
2026-05-05 21:05:16,neutral,0.62109375,0.0003,0.0005,0.0045,0.0002,0.0054
2026-05-05 21:05:16,sad,0.6064453125,0.0002,0.0004,0.0045,0.0001,0.0054
2026-05-05 21:05:17,neutral,0.7880859375,0.0003,0.0005,0.0045,0.0002,0.0055
2026-05-05 21:05:17,neutral,0.8134765625,0.0003,0.0005,0.0046,0.0002,0.0055
2026-05-05 21:05:18,neutral,0.576171875,0.0003,0.0005,0.0048,0.0002,0.0057
2026-05-05 21:05:18,neutral,0.70166015625,0.0003,0.0005,0.0046,0.0002,0.0055
2026-05-05 21:05:19,neutral,0.7138671875,0.0003,0.0005,0.0046,0.0002,0.0056
2026-05-05 21:05:19,neutral,0.488525390625,0.0003,0.0005,0.0045,0.0002,0.0055
2026-05-05 21:05:20,happy,0.6767578125,0.0003,0.0005,0.0046,0.0002,0.0056
2026-05-05 21:05:20,neutral,0.509765625,0.0003,0.0005,0.0046,0.0002,0.0056
2026-05-05 21:05:21,sad,0.411376953125,0.0003,0.0005,0.0045,0.0002,0.0055
2026-05-05 21:05:21,sad,0.35302734375,0.0003,0.0005,0.0047,0.0002,0.0057
2026-05-05 21:05:22,happy,0.381591796875,0.0003,0.0005,0.0045,0.0002,0.0056
2026-05-05 21:05:22,neutral,0.56640625,0.0003,0.0005,0.0047,0.0002,0.0056
2026-05-05 21:05:23,neutral,0.55908203125,0.0003,0.0005,0.0045,0.0002,0.0055
2026-05-05 21:05:23,neutral,0.3759765625,0.0003,0.0005,0.0049,0.0002,0.0059
2026-05-05 21:05:24,neutral,0.59130859375,0.0003,0.0005,0.0046,0.0002,0.0056
2026-05-05 21:05:24,neutral,0.51904296875,0.0003,0.0005,0.0051,0.0002,0.0060
2026-05-05 21:05:25,neutral,0.49609375,0.0003,0.0005,0.0046,0.0002,0.0057
2026-05-05 21:05:25,neutral,0.515625,0.0003,0.0005,0.0047,0.0002,0.0057
2026-05-05 21:05:26,neutral,0.58544921875,0.0003,0.0005,0.0045,0.0002,0.0055
2026-05-05 21:05:26,sad,0.45458984375,0.0003,0.0005,0.0045,0.0002,0.0054
2026-05-05 21:05:27,neutral,0.60205078125,0.0003,0.0005,0.0048,0.0001,0.0057
2026-05-05 21:05:27,sad,0.7158203125,0.0003,0.0005,0.0045,0.0002,0.0054
2026-05-05 21:05:28,neutral,0.74658203125,0.0003,0.0005,0.0046,0.0001,0.0055
2026-05-05 21:05:28,neutral,0.71533203125,0.0002,0.0005,0.0045,0.0002,0.0054
2026-05-05 21:05:29,neutral,0.496826171875,0.0003,0.0004,0.0043,0.0001,0.0052
2026-05-05 21:05:29,neutral,0.6201171875,0.0003,0.0005,0.0046,0.0002,0.0055
2026-05-05 21:05:30,neutral,0.459228515625,0.0003,0.0005,0.0046,0.0002,0.0056
2026-05-05 21:05:30,neutral,0.484619140625,0.0003,0.0005,0.0046,0.0002,0.0056
2026-05-05 21:05:31,sad,0.50634765625,0.0003,0.0005,0.0044,0.0001,0.0053
2026-05-05 21:05:31,neutral,0.56591796875,0.0003,0.0005,0.0046,0.0002,0.0056
2026-05-05 21:05:32,neutral,0.599609375,0.0003,0.0005,0.0046,0.0002,0.0056
2026-05-05 21:05:32,neutral,0.6083984375,0.0003,0.0005,0.0046,0.0002,0.0056
2026-05-05 21:05:33,neutral,0.595703125,0.0003,0.0005,0.0048,0.0002,0.0057
2026-05-05 21:05:33,neutral,0.609375,0.0003,0.0005,0.0046,0.0002,0.0056
2026-05-05 21:05:34,neutral,0.5986328125,0.0003,0.0005,0.0048,0.0002,0.0059
2026-05-05 21:05:34,neutral,0.521484375,0.0003,0.0005,0.0046,0.0002,0.0056
2026-05-05 21:05:35,sad,0.361572265625,0.0003,0.0005,0.0045,0.0002,0.0055
2026-05-05 21:05:35,neutral,0.3818359375,0.0003,0.0005,0.0048,0.0002,0.0059
2026-05-05 21:05:36,neutral,0.58349609375,0.0003,0.0005,0.0045,0.0002,0.0054
2026-05-05 21:05:36,neutral,0.369384765625,0.0003,0.0005,0.0046,0.0002,0.0056
2026-05-05 21:05:37,neutral,0.427978515625,0.0003,0.0005,0.0045,0.0001,0.0054
2026-05-05 21:05:37,neutral,0.346435546875,0.0003,0.0005,0.0045,0.0002,0.0055
2026-05-05 21:05:38,neutral,0.307373046875,0.0003,0.0005,0.0045,0.0002,0.0055
2026-05-05 21:05:38,neutral,0.400634765625,0.0003,0.0005,0.0047,0.0002,0.0057
2026-05-05 21:05:39,neutral,0.300048828125,0.0002,0.0004,0.0046,0.0001,0.0054
2026-05-05 21:05:39,angry,0.312255859375,0.0003,0.0005,0.0046,0.0002,0.0056
2026-05-05 21:05:40,neutral,0.465087890625,0.0003,0.0005,0.0045,0.0002,0.0056
2026-05-05 21:05:40,happy,0.3994140625,0.0003,0.0005,0.0046,0.0002,0.0056
2026-05-05 21:05:41,fear,0.43212890625,0.0003,0.0005,0.0044,0.0002,0.0054
2026-05-05 21:05:41,happy,0.422119140625,0.0003,0.0005,0.0046,0.0002,0.0055
2026-05-05 21:05:42,sad,0.7060546875,0.0003,0.0005,0.0047,0.0002,0.0057
2026-05-05 21:06:02,neutral,0.4560546875,0.0003,0.0005,0.0051,0.0002,0.0062
2026-05-05 21:06:02,happy,0.448486328125,0.0003,0.0005,0.0045,0.0002,0.0056
2026-05-05 21:06:03,happy,0.666015625,0.0003,0.0005,0.0049,0.0002,0.0059
2026-05-05 21:06:03,happy,0.62548828125,0.0003,0.0005,0.0045,0.0002,0.0055
2026-05-05 21:06:04,happy,0.5205078125,0.0003,0.0005,0.0047,0.0002,0.0057
2026-05-05 21:06:04,happy,0.52490234375,0.0003,0.0005,0.0046,0.0002,0.0056
2026-05-05 21:06:05,happy,0.53564453125,0.0003,0.0005,0.0046,0.0002,0.0055
2026-05-05 21:06:05,happy,0.45263671875,0.0003,0.0005,0.0045,0.0002,0.0056
2026-05-05 21:06:06,happy,0.493896484375,0.0003,0.0005,0.0045,0.0002,0.0055
2026-05-05 21:06:06,happy,0.5244140625,0.0003,0.0005,0.0046,0.0002,0.0056
2026-05-05 21:06:07,happy,0.60205078125,0.0003,0.0005,0.0045,0.0002,0.0055
2026-05-05 21:06:07,happy,0.669921875,0.0003,0.0004,0.0044,0.0001,0.0053
2026-05-05 21:06:08,happy,0.66650390625,0.0003,0.0005,0.0046,0.0001,0.0055
2026-05-05 21:06:08,happy,0.64794921875,0.0003,0.0005,0.0045,0.0002,0.0055
2026-05-05 21:06:09,happy,0.60888671875,0.0002,0.0004,0.0045,0.0001,0.0054
2026-05-05 21:06:09,happy,0.484130859375,0.0003,0.0005,0.0044,0.0002,0.0054
2026-05-05 21:06:10,happy,0.52001953125,0.0003,0.0005,0.0046,0.0002,0.0056
2026-05-05 21:06:10,happy,0.51806640625,0.0003,0.0005,0.0046,0.0002,0.0057
2026-05-05 21:06:11,happy,0.488037109375,0.0003,0.0005,0.0046,0.0002,0.0056
2026-05-05 21:06:12,happy,0.47705078125,0.0003,0.0005,0.0046,0.0002,0.0057
2026-05-05 21:06:13,happy,0.54541015625,0.0003,0.0005,0.0047,0.0002,0.0057
2026-05-05 21:06:13,neutral,0.48681640625,0.0003,0.0005,0.0045,0.0002,0.0055
2026-05-05 21:06:14,happy,0.27587890625,0.0003,0.0005,0.0046,0.0002,0.0055
2026-05-05 21:06:14,happy,0.41455078125,0.0003,0.0005,0.0047,0.0002,0.0057
2026-05-05 21:06:15,happy,0.3125,0.0003,0.0005,0.0045,0.0002,0.0055
2026-05-05 21:06:15,happy,0.388916015625,0.0004,0.0005,0.0046,0.0002,0.0057
2026-05-05 21:06:16,sad,0.38037109375,0.0003,0.0005,0.0046,0.0002,0.0056
2026-05-05 21:06:17,neutral,0.333251953125,0.0003,0.0005,0.0047,0.0002,0.0057
2026-05-05 21:06:17,neutral,0.4970703125,0.0002,0.0005,0.0045,0.0002,0.0054
2026-05-05 21:06:18,sad,0.5634765625,0.0003,0.0005,0.0045,0.0002,0.0055
2026-05-05 21:06:18,neutral,0.3408203125,0.0002,0.0004,0.0046,0.0001,0.0054
2026-05-05 21:06:19,neutral,0.69873046875,0.0003,0.0004,0.0044,0.0001,0.0053
2026-05-05 21:06:19,neutral,0.72021484375,0.0003,0.0005,0.0046,0.0001,0.0055
2026-05-05 21:06:20,neutral,0.6806640625,0.0003,0.0005,0.0046,0.0002,0.0056
2026-05-05 21:06:20,neutral,0.5029296875,0.0003,0.0005,0.0046,0.0002,0.0055
2026-05-05 21:06:21,neutral,0.50634765625,0.0003,0.0005,0.0045,0.0002,0.0054
2026-05-05 21:06:21,neutral,0.37744140625,0.0003,0.0005,0.0047,0.0002,0.0057
2026-05-05 21:06:22,sad,0.495361328125,0.0003,0.0005,0.0048,0.0002,0.0058
2026-05-05 21:06:22,sad,0.521484375,0.0003,0.0005,0.0045,0.0002,0.0054
2026-05-05 21:06:23,neutral,0.400634765625,0.0003,0.0005,0.0044,0.0002,0.0054
2026-05-05 21:06:23,sad,0.46630859375,0.0003,0.0005,0.0046,0.0002,0.0055
2026-05-05 21:06:24,sad,0.44677734375,0.0003,0.0005,0.0045,0.0002,0.0055
2026-05-05 21:06:24,sad,0.46337890625,0.0003,0.0005,0.0046,0.0002,0.0056
2026-05-05 21:06:25,neutral,0.67138671875,0.0003,0.0005,0.0048,0.0002,0.0057
2026-05-05 21:06:25,neutral,0.386474609375,0.0003,0.0005,0.0047,0.0002,0.0058
2026-05-05 21:06:26,happy,0.56884765625,0.0003,0.0005,0.0045,0.0002,0.0054
2026-05-05 21:06:26,happy,0.55322265625,0.0003,0.0005,0.0047,0.0002,0.0056
2026-05-05 21:06:27,happy,0.73193359375,0.0003,0.0005,0.0045,0.0002,0.0054
2026-05-05 21:06:27,happy,0.58984375,0.0003,0.0004,0.0046,0.0002,0.0055
2026-05-05 21:06:28,happy,0.6728515625,0.0003,0.0005,0.0046,0.0002,0.0055
2026-05-05 21:06:28,happy,0.496337890625,0.0004,0.0005,0.0045,0.0001,0.0055
2026-05-05 21:06:29,happy,0.60498046875,0.0003,0.0005,0.0045,0.0002,0.0055
2026-05-05 21:06:29,happy,0.57666015625,0.0003,0.0005,0.0046,0.0002,0.0055
2026-05-05 21:06:30,happy,0.54296875,0.0003,0.0005,0.0045,0.0002,0.0055
2026-05-05 21:06:30,neutral,0.463134765625,0.0003,0.0005,0.0047,0.0002,0.0056
2026-05-05 21:06:31,neutral,0.362060546875,0.0003,0.0005,0.0045,0.0002,0.0055
2026-05-05 21:06:31,neutral,0.52587890625,0.0002,0.0004,0.0046,0.0001,0.0054
2026-05-05 21:06:32,neutral,0.55322265625,0.0003,0.0005,0.0047,0.0002,0.0057
2026-05-05 21:06:32,neutral,0.67138671875,0.0003,0.0005,0.0046,0.0001,0.0055
2026-05-05 21:06:33,neutral,0.47265625,0.0003,0.0005,0.0046,0.0002,0.0057
2026-05-05 21:06:33,neutral,0.385986328125,0.0003,0.0005,0.0045,0.0002,0.0054
2026-05-05 21:06:34,neutral,0.378662109375,0.0003,0.0005,0.0047,0.0002,0.0057
2026-05-05 21:06:34,sad,0.387939453125,0.0007,0.0013,0.0046,0.0002,0.0068
2026-05-05 21:06:35,neutral,0.488525390625,0.0003,0.0005,0.0045,0.0002,0.0055
2026-05-05 21:06:35,neutral,0.418212890625,0.0003,0.0005,0.0047,0.0002,0.0057
2026-05-05 21:06:36,sad,0.453125,0.0003,0.0005,0.0045,0.0002,0.0055
2026-05-05 21:06:36,sad,0.285400390625,0.0003,0.0005,0.0046,0.0002,0.0055
2026-05-05 21:06:37,neutral,0.327880859375,0.0003,0.0005,0.0045,0.0002,0.0054
2026-05-05 21:06:37,neutral,0.357666015625,0.0003,0.0005,0.0045,0.0002,0.0054
2026-05-05 21:06:38,neutral,0.408203125,0.0003,0.0005,0.0046,0.0002,0.0056
2026-05-05 21:06:56,happy,0.65966796875,0.0003,0.0007,0.0053,0.0002,0.0066
2026-05-05 21:06:57,happy,0.65576171875,0.0003,0.0005,0.0046,0.0002,0.0057
2026-05-05 21:06:57,happy,0.6337890625,0.0003,0.0005,0.0046,0.0001,0.0056
2026-05-05 21:06:58,happy,0.5771484375,0.0003,0.0005,0.0046,0.0002,0.0056
2026-05-05 21:06:58,happy,0.72705078125,0.0003,0.0005,0.0045,0.0002,0.0054
2026-05-05 21:06:59,happy,0.671875,0.0003,0.0005,0.0046,0.0002,0.0056
2026-05-05 21:06:59,happy,0.70068359375,0.0003,0.0005,0.0047,0.0002,0.0056
2026-05-05 21:07:00,happy,0.64697265625,0.0003,0.0005,0.0045,0.0002,0.0056
2026-05-05 21:07:00,happy,0.38916015625,0.0003,0.0005,0.0046,0.0002,0.0056
2026-05-05 21:07:01,happy,0.6865234375,0.0003,0.0005,0.0046,0.0002,0.0056
2026-05-05 21:07:01,happy,0.475341796875,0.0003,0.0005,0.0048,0.0002,0.0057
2026-05-05 21:07:02,happy,0.45361328125,0.0003,0.0005,0.0048,0.0002,0.0058
2026-05-05 21:07:02,happy,0.7177734375,0.0003,0.0005,0.0046,0.0002,0.0055
2026-05-05 21:07:03,happy,0.68359375,0.0003,0.0005,0.0044,0.0002,0.0054
2026-05-05 21:07:03,happy,0.830078125,0.0003,0.0005,0.0045,0.0002,0.0054
2026-05-05 21:07:04,happy,0.865234375,0.0003,0.0005,0.0044,0.0001,0.0053
2026-05-05 21:07:04,happy,0.85400390625,0.0003,0.0005,0.0045,0.0002,0.0055
2026-05-05 21:07:05,happy,0.7001953125,0.0003,0.0005,0.0044,0.0002,0.0054
2026-05-05 21:07:05,happy,0.71630859375,0.0003,0.0005,0.0046,0.0002,0.0056
2026-05-05 21:07:06,happy,0.81640625,0.0003,0.0005,0.0045,0.0002,0.0054
2026-05-05 21:07:06,happy,0.775390625,0.0003,0.0005,0.0046,0.0002,0.0055
2026-05-05 21:07:07,happy,0.60791015625,0.0003,0.0005,0.0048,0.0002,0.0057
2026-05-05 21:07:07,happy,0.69580078125,0.0003,0.0005,0.0045,0.0002,0.0054
2026-05-05 21:07:08,sad,0.58837890625,0.0003,0.0005,0.0044,0.0002,0.0054
2026-05-05 21:07:08,happy,0.380615234375,0.0003,0.0005,0.0045,0.0002,0.0054
2026-05-05 21:07:09,happy,0.4677734375,0.0003,0.0005,0.0044,0.0001,0.0054
2026-05-05 21:07:09,happy,0.515625,0.0003,0.0005,0.0045,0.0002,0.0055
2026-05-05 21:07:10,happy,0.50537109375,0.0003,0.0005,0.0045,0.0002,0.0055
2026-05-05 21:07:10,happy,0.4306640625,0.0003,0.0005,0.0045,0.0002,0.0055
2026-05-05 21:07:11,happy,0.85693359375,0.0003,0.0005,0.0045,0.0001,0.0055
2026-05-05 21:07:11,neutral,0.56689453125,0.0003,0.0004,0.0045,0.0001,0.0054
2026-05-05 21:07:12,sad,0.251953125,0.0003,0.0005,0.0044,0.0002,0.0054
2026-05-05 21:07:13,happy,0.73876953125,0.0003,0.0005,0.0047,0.0002,0.0057
2026-05-05 21:07:13,happy,0.783203125,0.0003,0.0005,0.0045,0.0002,0.0054
2026-05-05 21:07:14,happy,0.8173828125,0.0003,0.0005,0.0046,0.0002,0.0056
2026-05-05 21:07:14,happy,0.7900390625,0.0003,0.0005,0.0045,0.0002,0.0055
2026-05-05 21:07:15,happy,0.60546875,0.0003,0.0005,0.0046,0.0002,0.0056
2026-05-05 21:07:15,happy,0.461181640625,0.0003,0.0005,0.0045,0.0002,0.0055
2026-05-05 21:07:16,happy,0.376953125,0.0003,0.0005,0.0046,0.0001,0.0055
2026-05-05 21:07:16,fear,0.33740234375,0.0003,0.0005,0.0044,0.0001,0.0053
2026-05-05 21:07:17,neutral,0.479736328125,0.0003,0.0005,0.0046,0.0002,0.0056
2026-05-05 21:07:17,neutral,0.43994140625,0.0003,0.0004,0.0044,0.0001,0.0053
2026-05-05 21:07:18,neutral,0.65673828125,0.0003,0.0005,0.0047,0.0002,0.0056
2026-05-05 21:07:18,neutral,0.67529296875,0.0003,0.0005,0.0044,0.0002,0.0053
2026-05-05 21:07:19,neutral,0.53662109375,0.0003,0.0005,0.0045,0.0002,0.0054
2026-05-05 21:07:19,neutral,0.52490234375,0.0003,0.0005,0.0044,0.0002,0.0054
2026-05-05 21:07:20,neutral,0.461669921875,0.0003,0.0005,0.0046,0.0002,0.0055
2026-05-05 21:07:20,neutral,0.55908203125,0.0003,0.0005,0.0045,0.0002,0.0055
2026-05-05 21:07:21,neutral,0.51025390625,0.0003,0.0005,0.0046,0.0002,0.0055
2026-05-05 21:07:21,sad,0.7041015625,0.0003,0.0005,0.0045,0.0002,0.0055
2026-05-05 21:07:22,sad,0.4794921875,0.0003,0.0005,0.0049,0.0002,0.0060
2026-05-05 21:07:22,sad,0.455810546875,0.0003,0.0005,0.0045,0.0002,0.0054
2026-05-05 21:07:23,sad,0.485107421875,0.0003,0.0005,0.0046,0.0002,0.0056
2026-05-05 21:07:23,sad,0.5908203125,0.0003,0.0004,0.0044,0.0002,0.0053
2026-05-05 21:07:24,neutral,0.335205078125,0.0003,0.0005,0.0049,0.0002,0.0059
2026-05-05 21:07:24,sad,0.36279296875,0.0003,0.0005,0.0044,0.0002,0.0054
2026-05-05 21:07:25,neutral,0.38623046875,0.0003,0.0005,0.0047,0.0002,0.0057
2026-05-05 21:07:25,neutral,0.365234375,0.0003,0.0005,0.0045,0.0002,0.0056
2026-05-05 21:07:26,neutral,0.46142578125,0.0003,0.0005,0.0046,0.0002,0.0055
2026-05-05 21:07:26,neutral,0.56787109375,0.0003,0.0005,0.0045,0.0002,0.0054
2026-05-05 21:07:27,neutral,0.609375,0.0003,0.0005,0.0045,0.0002,0.0055
2026-05-05 21:07:27,neutral,0.5654296875,0.0002,0.0004,0.0044,0.0001,0.0053
2026-05-05 21:07:28,neutral,0.6806640625,0.0003,0.0005,0.0045,0.0002,0.0054
2026-05-05 21:07:28,neutral,0.669921875,0.0003,0.0004,0.0044,0.0001,0.0053
2026-05-05 21:07:29,neutral,0.63330078125,0.0002,0.0004,0.0044,0.0001,0.0053
2026-05-05 21:07:29,neutral,0.63720703125,0.0003,0.0005,0.0044,0.0001,0.0052
2026-05-05 21:07:30,neutral,0.486328125,0.0003,0.0005,0.0046,0.0002,0.0056
2026-05-05 21:07:30,neutral,0.413818359375,0.0003,0.0005,0.0045,0.0001,0.0055
2026-05-05 21:07:31,neutral,0.33203125,0.0003,0.0005,0.0046,0.0002,0.0056
2026-05-05 21:07:31,sad,0.2529296875,0.0003,0.0005,0.0045,0.0001,0.0054
2026-05-05 21:07:32,neutral,0.50927734375,0.0003,0.0005,0.0047,0.0002,0.0057
2026-05-05 21:07:32,neutral,0.428466796875,0.0003,0.0005,0.0044,0.0001,0.0054
2026-05-05 21:07:33,sad,0.401123046875,0.0003,0.0005,0.0046,0.0002,0.0056
2026-05-05 21:07:33,neutral,0.36279296875,0.0003,0.0005,0.0045,0.0002,0.0054
2026-05-05 21:07:34,sad,0.467529296875,0.0003,0.0005,0.0046,0.0002,0.0056
2026-05-05 21:07:49,sad,0.5546875,0.0003,0.0005,0.0049,0.0002,0.0059
2026-05-05 21:07:49,sad,0.58544921875,0.0003,0.0005,0.0047,0.0002,0.0057
2026-05-05 21:07:50,sad,0.426513671875,0.0003,0.0005,0.0047,0.0002,0.0057
2026-05-05 21:07:50,sad,0.341552734375,0.0003,0.0005,0.0045,0.0002,0.0055
2026-05-05 21:07:51,sad,0.28662109375,0.0003,0.0005,0.0049,0.0002,0.0059
2026-05-05 21:07:51,happy,0.5234375,0.0003,0.0005,0.0045,0.0002,0.0054
2026-05-05 21:07:52,happy,0.6279296875,0.0003,0.0005,0.0047,0.0002,0.0057
2026-05-05 21:07:52,happy,0.640625,0.0003,0.0005,0.0046,0.0002,0.0056
2026-05-05 21:07:53,sad,0.43603515625,0.0003,0.0005,0.0046,0.0002,0.0056
2026-05-05 21:07:53,happy,0.7841796875,0.0003,0.0005,0.0044,0.0001,0.0053
2026-05-05 21:07:54,happy,0.80908203125,0.0003,0.0005,0.0047,0.0002,0.0057
2026-05-05 21:07:54,happy,0.8115234375,0.0003,0.0005,0.0045,0.0002,0.0055
2026-05-05 21:07:55,happy,0.67041015625,0.0003,0.0005,0.0046,0.0002,0.0056
2026-05-05 21:07:55,happy,0.7666015625,0.0003,0.0005,0.0045,0.0002,0.0055
2026-05-05 21:07:56,happy,0.58056640625,0.0003,0.0005,0.0046,0.0002,0.0055
2026-05-05 21:07:57,happy,0.83837890625,0.0003,0.0005,0.0045,0.0002,0.0056
2026-05-05 21:07:57,happy,0.818359375,0.0003,0.0005,0.0046,0.0002,0.0055
2026-05-05 21:07:58,happy,0.85595703125,0.0003,0.0005,0.0045,0.0001,0.0054
2026-05-05 21:07:58,happy,0.8505859375,0.0002,0.0005,0.0045,0.0002,0.0054
2026-05-05 21:07:59,happy,0.88671875,0.0003,0.0005,0.0045,0.0002,0.0054
2026-05-05 21:07:59,happy,0.91259765625,0.0003,0.0005,0.0047,0.0002,0.0057
2026-05-05 21:08:00,happy,0.923828125,0.0003,0.0005,0.0045,0.0002,0.0054
2026-05-05 21:08:00,happy,0.89990234375,0.0003,0.0005,0.0046,0.0002,0.0056
2026-05-05 21:08:01,happy,0.919921875,0.0003,0.0005,0.0045,0.0002,0.0054
2026-05-05 21:08:01,happy,0.92236328125,0.0003,0.0005,0.0046,0.0002,0.0056
2026-05-05 21:08:02,happy,0.70166015625,0.0003,0.0005,0.0045,0.0002,0.0055
2026-05-05 21:08:02,happy,0.86474609375,0.0002,0.0004,0.0045,0.0001,0.0053
2026-05-05 21:08:03,happy,0.76611328125,0.0003,0.0005,0.0045,0.0002,0.0054
2026-05-05 21:08:03,happy,0.76123046875,0.0002,0.0004,0.0048,0.0002,0.0056
2026-05-05 21:08:04,happy,0.58056640625,0.0003,0.0005,0.0045,0.0002,0.0055
2026-05-05 21:08:04,happy,0.611328125,0.0003,0.0005,0.0047,0.0002,0.0056
2026-05-05 21:08:05,happy,0.51171875,0.0003,0.0005,0.0045,0.0002,0.0055
2026-05-05 21:08:05,sad,0.421142578125,0.0003,0.0005,0.0047,0.0002,0.0057
2026-05-05 21:08:06,neutral,0.497802734375,0.0003,0.0005,0.0045,0.0002,0.0054
2026-05-05 21:08:19,sad,0.389404296875,0.0003,0.0007,0.0053,0.0002,0.0065
2026-05-05 21:08:19,fear,0.2978515625,0.0003,0.0005,0.0045,0.0002,0.0055
2026-05-05 21:08:20,happy,0.359130859375,0.0003,0.0005,0.0047,0.0002,0.0057
2026-05-05 21:08:20,happy,0.76513671875,0.0003,0.0005,0.0044,0.0002,0.0054
2026-05-05 21:08:21,neutral,0.473876953125,0.0003,0.0005,0.0046,0.0002,0.0056
2026-05-05 21:08:21,happy,0.5185546875,0.0003,0.0005,0.0045,0.0002,0.0054
2026-05-05 21:08:22,neutral,0.64404296875,0.0003,0.0005,0.0046,0.0002,0.0055
2026-05-05 21:08:22,neutral,0.59228515625,0.0002,0.0004,0.0044,0.0001,0.0052
2026-05-05 21:08:23,neutral,0.67138671875,0.0003,0.0005,0.0046,0.0002,0.0056
2026-05-05 21:08:23,neutral,0.748046875,0.0003,0.0005,0.0045,0.0002,0.0054
2026-05-05 21:08:24,neutral,0.440673828125,0.0003,0.0005,0.0047,0.0002,0.0058
2026-05-05 21:08:24,happy,0.327392578125,0.0003,0.0005,0.0045,0.0002,0.0055
2026-05-05 21:08:25,happy,0.443603515625,0.0003,0.0005,0.0047,0.0002,0.0058
2026-05-05 21:08:25,happy,0.3310546875,0.0004,0.0006,0.0050,0.0002,0.0062
2026-05-05 21:08:26,neutral,0.2890625,0.0003,0.0005,0.0047,0.0002,0.0057
2026-05-05 21:08:26,sad,0.35791015625,0.0003,0.0005,0.0047,0.0002,0.0056
2026-05-05 21:08:27,sad,0.351806640625,0.0003,0.0005,0.0046,0.0001,0.0055
2026-05-05 21:08:27,sad,0.420166015625,0.0003,0.0005,0.0046,0.0002,0.0055
2026-05-05 21:08:28,neutral,0.476318359375,0.0003,0.0005,0.0046,0.0002,0.0056
2026-05-05 21:08:28,neutral,0.517578125,0.0003,0.0005,0.0044,0.0002,0.0054
2026-05-05 21:08:29,neutral,0.609375,0.0003,0.0005,0.0047,0.0002,0.0057
2026-05-05 21:08:29,neutral,0.62646484375,0.0003,0.0005,0.0045,0.0002,0.0056
2026-05-05 21:08:30,neutral,0.67529296875,0.0003,0.0005,0.0047,0.0002,0.0057
2026-05-05 21:08:30,neutral,0.71630859375,0.0003,0.0005,0.0045,0.0002,0.0055
2026-05-05 21:08:31,neutral,0.73388671875,0.0003,0.0005,0.0046,0.0002,0.0056
2026-05-05 21:08:31,neutral,0.56884765625,0.0003,0.0005,0.0045,0.0002,0.0055
2026-05-05 21:08:32,neutral,0.69287109375,0.0003,0.0005,0.0046,0.0002,0.0056
2026-05-05 21:08:32,neutral,0.56884765625,0.0003,0.0005,0.0045,0.0002,0.0055
2026-05-05 21:08:33,neutral,0.462890625,0.0003,0.0005,0.0047,0.0002,0.0058
2026-05-05 21:08:33,neutral,0.54833984375,0.0003,0.0005,0.0046,0.0002,0.0055
2026-05-05 21:08:34,neutral,0.6337890625,0.0003,0.0005,0.0047,0.0002,0.0057
2026-05-05 21:08:34,neutral,0.63232421875,0.0003,0.0005,0.0045,0.0002,0.0056
2026-05-05 21:08:35,neutral,0.7412109375,0.0003,0.0005,0.0047,0.0002,0.0058
2026-05-05 21:08:35,neutral,0.734375,0.0003,0.0005,0.0045,0.0002,0.0056
2026-05-05 21:08:36,neutral,0.7294921875,0.0003,0.0005,0.0047,0.0002,0.0057
2026-05-05 21:08:36,neutral,0.734375,0.0003,0.0005,0.0045,0.0002,0.0055
2026-05-05 21:08:37,neutral,0.76220703125,0.0003,0.0005,0.0047,0.0002,0.0057
2026-05-05 21:08:37,neutral,0.76904296875,0.0003,0.0005,0.0045,0.0002,0.0054
2026-05-05 21:08:38,neutral,0.78173828125,0.0003,0.0005,0.0046,0.0002,0.0055
2026-05-05 21:08:38,neutral,0.734375,0.0003,0.0005,0.0045,0.0002,0.0054
2026-05-05 21:08:39,neutral,0.701171875,0.0003,0.0004,0.0045,0.0002,0.0054
2026-05-05 21:08:40,neutral,0.734375,0.0003,0.0005,0.0045,0.0002,0.0056
2026-05-05 21:08:40,neutral,0.6474609375,0.0003,0.0005,0.0047,0.0002,0.0057
2026-05-05 21:08:41,neutral,0.5986328125,0.0003,0.0005,0.0045,0.0002,0.0055
2026-05-05 21:08:41,neutral,0.65234375,0.0003,0.0005,0.0046,0.0002,0.0055
2026-05-05 21:08:42,neutral,0.765625,0.0003,0.0005,0.0045,0.0002,0.0054
2026-05-05 21:08:42,neutral,0.7275390625,0.0003,0.0005,0.0046,0.0002,0.0056
